NAICS_TITLE,OCC_TITLE,emp2018,salary2018,emp2017,salary2017,emp2016,salary2016
General Medical and Surgical Hospitals,Industry Total,4668670,66540,4642330,64560,4554620,62930
General Medical and Surgical Hospitals,Management Occupations,165370,126500,160890,123980,160210,121220
General Medical and Surgical Hospitals,Top Executives,12160,180800,12010,172530,13310,164070
General Medical and Surgical Hospitals,Chief Executives,3070,248400,3360,238010,3450,232620
General Medical and Surgical Hospitals,General and Operations Managers,9090,157970,8650,147130,9860,140120
General Medical and Surgical Hospitals,"Advertising, Marketing, Promotions, Public Relations, and Sales Managers",4160,130520,3850,130630,3390,128030
General Medical and Surgical Hospitals,Marketing and Sales Managers,1950,133190,1810,131340,1630,128820
General Medical and Surgical Hospitals,Marketing Managers,1810,132870,1680,131430,1500,128670
General Medical and Surgical Hospitals,Sales Managers,140,137430,130,130150,130,130530
General Medical and Surgical Hospitals,Public Relations and Fundraising Managers,2190,128370,2010,130540,1720,128010
General Medical and Surgical Hospitals,Operations Specialties Managers,31200,127700,30170,124260,30490,121170
General Medical and Surgical Hospitals,Administrative Services Managers,11340,112210,10670,108640,10530,105910
General Medical and Surgical Hospitals,Computer and Information Systems Managers,5500,139710,5380,135240,5280,130470
General Medical and Surgical Hospitals,Financial Managers,7140,148960,6950,144880,7680,139970
General Medical and Surgical Hospitals,Industrial Production Managers,280,108140,290,105450,230,104990
General Medical and Surgical Hospitals,Purchasing Managers,1130,108600,1110,108790,1110,108870
General Medical and Surgical Hospitals,"Transportation, Storage, and Distribution Managers",470,102770,420,101670,300,98260
General Medical and Surgical Hospitals,Compensation and Benefits Managers,510,129360,530,123520,610,121600
General Medical and Surgical Hospitals,Human Resources Managers,3610,126920,3530,123510,3510,119440
General Medical and Surgical Hospitals,Training and Development Managers,1230,126550,1300,123570,1240,118850
General Medical and Surgical Hospitals,Other Management Occupations,117850,120440,114860,118610,113010,115980
General Medical and Surgical Hospitals,Construction Managers,450,122450,510,115850,480,112670
General Medical and Surgical Hospitals,Education Administrators,1060,116380,1040,118560,990,116710
General Medical and Surgical Hospitals,"Education Administrators, Preschool and Childcare Center/Program",130,65950,130,63550,130,59640
General Medical and Surgical Hospitals,"Education Administrators, Postsecondary",350,132350,340,129470,350,135950
General Medical and Surgical Hospitals,"Education Administrators, All Other",570,117890,570,124680,510,118280
General Medical and Surgical Hospitals,Architectural and Engineering Managers,NA,122320,170,128640,250,128210
General Medical and Surgical Hospitals,Food Service Managers,1460,81020,1400,80190,1340,76970
General Medical and Surgical Hospitals,Lodging Managers,90,87660,90,85940,120,83190
General Medical and Surgical Hospitals,Medical and Health Services Managers,100680,122790,98050,121120,96220,118420
General Medical and Surgical Hospitals,Natural Sciences Managers,1610,109100,1130,98150,990,86060
General Medical and Surgical Hospitals,"Property, Real Estate, and Community Association Managers",230,113550,210,110590,240,103070
General Medical and Surgical Hospitals,Social and Community Service Managers,2690,89320,2650,88240,2690,87980
General Medical and Surgical Hospitals,Emergency Management Directors,660,91950,600,89780,610,86380
General Medical and Surgical Hospitals,Miscellaneous Managers,8630,114580,9000,111140,9090,110010
General Medical and Surgical Hospitals,"Managers, All Other",8630,114580,9000,111140,9090,110010
General Medical and Surgical Hospitals,Business and Financial Operations Occupations,96670,67980,95350,66900,93340,65680
General Medical and Surgical Hospitals,Business Operations Specialists,73950,67840,72130,66910,70270,65830
General Medical and Surgical Hospitals,Buyers and Purchasing Agents,6970,56540,7080,55950,7140,54810
General Medical and Surgical Hospitals,"Claims Adjusters, Appraisers, Examiners, and Investigators",250,61290,230,60660,210,59740
General Medical and Surgical Hospitals,"Claims Adjusters, Examiners, and Investigators",250,61290,230,60660,210,59740
General Medical and Surgical Hospitals,Compliance Officers,5310,72400,5080,71800,5130,71010
General Medical and Surgical Hospitals,Cost Estimators,50,70470,90,74630,100,73660
General Medical and Surgical Hospitals,Human Resources Workers,15390,62490,14600,61930,13840,61100
General Medical and Surgical Hospitals,Human Resources Specialists,14940,62030,14110,61470,13390,60670
General Medical and Surgical Hospitals,Labor Relations Specialists,450,77540,490,75270,440,74160
General Medical and Surgical Hospitals,Logisticians,780,67190,670,67810,520,66740
General Medical and Surgical Hospitals,Management Analysts,7680,81780,6780,80630,6300,77830
General Medical and Surgical Hospitals,"Meeting, Convention, and Event Planners",640,58520,610,57570,520,55950
General Medical and Surgical Hospitals,Fundraisers,2090,66110,2120,66320,1670,65390
General Medical and Surgical Hospitals,"Compensation, Benefits, and Job Analysis Specialists",2420,67130,2430,65810,2550,64190
General Medical and Surgical Hospitals,Training and Development Specialists,8610,70870,8640,69310,8340,67960
General Medical and Surgical Hospitals,Market Research Analysts and Marketing Specialists,3490,68110,3410,66570,3100,65420
General Medical and Surgical Hospitals,Miscellaneous Business Operations Specialists,20260,68630,20390,68010,20850,67530
General Medical and Surgical Hospitals,"Business Operations Specialists, All Other",20260,68630,20390,68010,20850,67530
General Medical and Surgical Hospitals,Financial Specialists,22720,68460,23220,66870,23070,65240
General Medical and Surgical Hospitals,Accountants and Auditors,11200,71310,11990,69360,12160,67640
General Medical and Surgical Hospitals,Budget Analysts,960,77030,1100,72390,1150,70810
General Medical and Surgical Hospitals,Credit Analysts,70,69270,80,66230,120,71380
General Medical and Surgical Hospitals,Financial Analysts and Advisors,5110,72370,4580,71740,4450,69800
General Medical and Surgical Hospitals,Financial Analysts,4710,74540,4270,73250,4110,70900
General Medical and Surgical Hospitals,Personal Financial Advisors,380,45400,300,49840,330,55810
General Medical and Surgical Hospitals,Financial Examiners,60,64290,60,63890,60,56500
General Medical and Surgical Hospitals,Credit Counselors and Loan Officers,2310,44840,2430,44610,2090,43820
General Medical and Surgical Hospitals,Credit Counselors,2290,44790,2410,44600,2070,43830
General Medical and Surgical Hospitals,Miscellaneous Financial Specialists,3010,66680,2980,65520,3040,61570
General Medical and Surgical Hospitals,"Financial Specialists, All Other",3010,66680,2980,65520,3040,61570
General Medical and Surgical Hospitals,Computer and Mathematical Occupations,61170,78570,61280,75990,58460,73940
General Medical and Surgical Hospitals,Computer Occupations,57070,78340,56310,75940,54110,73970
General Medical and Surgical Hospitals,Computer and Information Analysts,19390,84290,17550,82740,16490,80860
General Medical and Surgical Hospitals,Computer Systems Analysts,17780,83990,16000,82430,14910,80800
General Medical and Surgical Hospitals,Information Security Analysts,1600,87690,1550,85910,1570,81380
General Medical and Surgical Hospitals,Software Developers and Programmers,8530,89290,9070,86260,8600,83500
General Medical and Surgical Hospitals,Computer Programmers,1680,83140,1680,81990,1440,79750
General Medical and Surgical Hospitals,"Software Developers, Applications",4950,90350,5540,86640,4970,83880
General Medical and Surgical Hospitals,"Software Developers, Systems Software",1170,97530,1150,94340,1430,89750
General Medical and Surgical Hospitals,Web Developers,730,83050,720,80390,760,76360
General Medical and Surgical Hospitals,Database and Systems Administrators and Network Architects,11070,84450,12150,81190,12650,79290
General Medical and Surgical Hospitals,Database Administrators,2480,82580,2640,77840,2920,76560
General Medical and Surgical Hospitals,Network and Computer Systems Administrators,6690,82460,7400,80070,7530,78300
General Medical and Surgical Hospitals,Computer Network Architects,1900,93910,2100,89380,2190,86330
General Medical and Surgical Hospitals,Computer Support Specialists,12860,54190,13110,53540,12970,53240
General Medical and Surgical Hospitals,Computer User Support Specialists,9750,51350,9910,50860,9430,50570
General Medical and Surgical Hospitals,Computer Network Support Specialists,3100,63110,3200,61840,3540,60370
General Medical and Surgical Hospitals,Miscellaneous Computer Occupations,5200,84760,4420,79780,3400,75710
General Medical and Surgical Hospitals,"Computer Occupations, All Other",5200,84760,4420,79780,3400,75710
General Medical and Surgical Hospitals,Mathematical Science Occupations,4100,81690,4980,76530,4350,73530
General Medical and Surgical Hospitals,Operations Research Analysts,1590,78310,2700,70050,2570,67460
General Medical and Surgical Hospitals,Statisticians,2480,83860,2250,84200,1710,82000
General Medical and Surgical Hospitals,Architecture and Engineering Occupations,2960,77910,3280,74650,3620,75180
General Medical and Surgical Hospitals,"Architects, Surveyors, and Cartographers",40,109400,50,98710,80,94210
General Medical and Surgical Hospitals,"Architects, Except Naval",40,109400,50,98710,80,94210
General Medical and Surgical Hospitals,"Architects, Except Landscape and Naval",40,109400,50,98710,80,95330
General Medical and Surgical Hospitals,Engineers,2140,83580,2350,81350,2740,80300
General Medical and Surgical Hospitals,Biomedical Engineers,1210,79550,1410,76560,1600,76630
General Medical and Surgical Hospitals,Civil Engineers,50,98840,50,94060,100,92660
General Medical and Surgical Hospitals,Electrical and Electronics Engineers,120,88460,110,85060,130,84810
General Medical and Surgical Hospitals,Electrical Engineers,30,101540,40,92140,50,94020
General Medical and Surgical Hospitals,"Electronics Engineers, Except Computer",80,83310,80,81830,80,78290
General Medical and Surgical Hospitals,"Industrial Engineers, Including Health and Safety",160,92240,180,93320,180,87370
General Medical and Surgical Hospitals,"Health and Safety Engineers, Except Mining Safety Engineers and Inspectors",70,83970,80,87680,80,88860
General Medical and Surgical Hospitals,Industrial Engineers,90,98280,110,97410,100,86150
General Medical and Surgical Hospitals,Mechanical Engineers,170,75070,170,79970,300,76600
General Medical and Surgical Hospitals,Miscellaneous Engineers,370,92180,370,90370,380,89980
General Medical and Surgical Hospitals,"Engineers, All Other",370,92180,370,90370,380,89980
General Medical and Surgical Hospitals,"Drafters, Engineering Technicians, and Mapping Technicians",770,60430,880,55290,790,55560
General Medical and Surgical Hospitals,Drafters,70,56620,60,54370,60,49860
General Medical and Surgical Hospitals,Architectural and Civil Drafters,40,55340,40,52990,40,50050
General Medical and Surgical Hospitals,"Engineering Technicians, Except Drafters",710,60780,810,55370,730,56030
General Medical and Surgical Hospitals,Electrical and Electronics Engineering Technicians,70,67250,90,58490,100,57960
General Medical and Surgical Hospitals,"Engineering Technicians, Except Drafters, All Other",440,60020,380,56450,310,57810
General Medical and Surgical Hospitals,"Life, Physical, and Social Science Occupations",35000,79210,33560,80740,27460,80070
General Medical and Surgical Hospitals,Life Scientists,19160,85070,18540,88110,14250,87690
General Medical and Surgical Hospitals,Biological Scientists,900,92030,860,89850,790,86590
General Medical and Surgical Hospitals,Biochemists and Biophysicists,240,109650,250,110010,160,115840
General Medical and Surgical Hospitals,Microbiologists,280,85090,410,77070,450,75920
General Medical and Surgical Hospitals,"Biological Scientists, All Other",380,85660,210,91130,180,86970
General Medical and Surgical Hospitals,Medical Scientists,18190,84820,17590,88180,13150,88050
General Medical and Surgical Hospitals,Epidemiologists,790,87100,770,85190,560,82830
General Medical and Surgical Hospitals,"Medical Scientists, Except Epidemiologists",17400,84720,16820,88320,12580,88280
General Medical and Surgical Hospitals,Miscellaneous Life Scientists,60,57720,80,56500,300,75970
General Medical and Surgical Hospitals,"Life Scientists, All Other",60,57720,80,56500,300,75970
General Medical and Surgical Hospitals,Physical Scientists,1200,176840,2000,130940,2040,127740
General Medical and Surgical Hospitals,Astronomers and Physicists,1080,186840,1150,177320,1170,173990
General Medical and Surgical Hospitals,Physicists,1080,186840,1150,177320,1170,173990
General Medical and Surgical Hospitals,Chemists and Materials Scientists,70,95930,60,92850,60,84390
General Medical and Surgical Hospitals,Chemists,70,95930,60,92850,60,84390
General Medical and Surgical Hospitals,Environmental Scientists and Geoscientists,NA,70970,NA,66100,NA,64210
General Medical and Surgical Hospitals,"Environmental Scientists and Specialists, Including Health",NA,70970,NA,66100,NA,64210
General Medical and Surgical Hospitals,Social Scientists and Related Workers,5090,87940,4860,82160,4510,81340
General Medical and Surgical Hospitals,Survey Researchers,70,51690,NA,51760,40,50200
General Medical and Surgical Hospitals,Psychologists,4770,89690,4620,83700,4320,82540
General Medical and Surgical Hospitals,"Clinical, Counseling, and School Psychologists",4360,89790,4190,83240,3940,82330
General Medical and Surgical Hospitals,"Psychologists, All Other",380,88960,400,88620,360,85330
General Medical and Surgical Hospitals,Miscellaneous Social Scientists and Related Workers,240,62080,180,50420,140,51310
General Medical and Surgical Hospitals,"Social Scientists and Related Workers, All Other",240,62080,180,50420,140,51310
General Medical and Surgical Hospitals,"Life, Physical, and Social Science Technicians",9550,50480,8150,50810,6660,48300
General Medical and Surgical Hospitals,Biological Technicians,NA,49640,4860,49290,3430,46580
General Medical and Surgical Hospitals,Chemical Technicians,30,53210,NA,NA,60,56840
General Medical and Surgical Hospitals,Social Science Research Assistants,1180,44750,NA,NA,360,47500
General Medical and Surgical Hospitals,"Miscellaneous Life, Physical, and Social Science Technicians",2200,55680,2450,55870,2790,50200
General Medical and Surgical Hospitals,"Environmental Science and Protection Technicians, Including Health",400,46740,580,45610,620,36880
General Medical and Surgical Hospitals,"Life, Physical, and Social Science Technicians, All Other",1790,57640,1860,59060,2160,54000
General Medical and Surgical Hospitals,Community and Social Service Occupations,90050,59570,93460,57680,91900,56580
General Medical and Surgical Hospitals,"Counselors, Social Workers, and Other Community and Social Service Specialists",82350,60000,85830,58060,84560,56940
General Medical and Surgical Hospitals,Counselors,14530,53300,14430,51470,13830,50530
General Medical and Surgical Hospitals,"Educational, Guidance, School, and Vocational Counselors",180,61590,170,59820,240,56990
General Medical and Surgical Hospitals,Marriage and Family Therapists,500,59320,570,59410,470,59200
General Medical and Surgical Hospitals,Rehabilitation Counselors,1300,49610,1340,49570,1280,49190
General Medical and Surgical Hospitals,"Substance Abuse, Behavioral Disorder, and Mental Health Counselors",11560,53130,11070,50980,NA,NA
General Medical and Surgical Hospitals,"Counselors, All Other",980,55530,1280,53060,1240,53350
General Medical and Surgical Hospitals,Social Workers,45960,63840,49470,61120,48480,59980
General Medical and Surgical Hospitals,"Child, Family, and School Social Workers",2570,53950,2460,52390,2250,51950
General Medical and Surgical Hospitals,Healthcare Social Workers,37510,64970,40760,62130,39850,60720
General Medical and Surgical Hospitals,Mental Health and Substance Abuse Social Workers,4610,58520,4770,55380,4600,54660
General Medical and Surgical Hospitals,"Social Workers, All Other",1260,70020,1480,66400,1780,67510
General Medical and Surgical Hospitals,Miscellaneous Community and Social Service Specialists,21870,56370,21920,55490,22250,54280
General Medical and Surgical Hospitals,Health Educators,11330,66050,11260,64440,11180,63660
General Medical and Surgical Hospitals,Social and Human Service Assistants,4930,40230,4970,40720,5190,38910
General Medical and Surgical Hospitals,Community Health Workers,3720,47960,3830,47910,3690,46230
General Medical and Surgical Hospitals,"Community and Social Service Specialists, All Other",1880,56940,1860,56420,2190,56270
General Medical and Surgical Hospitals,Religious Workers,7700,55000,7630,53480,7340,52470
General Medical and Surgical Hospitals,Clergy,7400,54600,7330,52960,7040,51970
General Medical and Surgical Hospitals,"Directors, Religious Activities and Education",180,75920,180,76390,170,75740
General Medical and Surgical Hospitals,Miscellaneous Religious Workers,120,48340,120,51370,130,49280
General Medical and Surgical Hospitals,"Religious Workers, All Other",120,48340,120,51370,130,49280
General Medical and Surgical Hospitals,Legal Occupations,1290,133490,1140,130830,1200,128630
General Medical and Surgical Hospitals,"Lawyers, Judges, and Related Workers",850,168360,760,164870,800,163460
General Medical and Surgical Hospitals,Lawyers and Judicial Law Clerks,790,175980,710,170980,740,168830
General Medical and Surgical Hospitals,Lawyers,790,175980,710,170980,740,168830
General Medical and Surgical Hospitals,"Judges, Magistrates, and Other Judicial Workers",60,72660,50,83770,50,90540
General Medical and Surgical Hospitals,"Arbitrators, Mediators, and Conciliators",60,72660,50,83770,50,90540
General Medical and Surgical Hospitals,Legal Support Workers,440,65480,380,62040,400,59130
General Medical and Surgical Hospitals,Paralegals and Legal Assistants,380,66330,320,61930,340,58170
General Medical and Surgical Hospitals,Miscellaneous Legal Support Workers,60,59940,60,62620,60,64650
General Medical and Surgical Hospitals,"Education, Training, and Library Occupations",16720,103300,14980,90480,15680,87040
General Medical and Surgical Hospitals,Postsecondary Teachers,10850,132730,9110,117530,9860,110850
General Medical and Surgical Hospitals,"Health Teachers, Postsecondary",9860,138810,8690,120700,9510,113220
General Medical and Surgical Hospitals,"Health Specialties Teachers, Postsecondary",6160,146200,5780,136410,6620,124740
General Medical and Surgical Hospitals,"Nursing Instructors and Teachers, Postsecondary",3690,126470,2910,89400,2890,86890
General Medical and Surgical Hospitals,Miscellaneous Postsecondary Teachers,650,37030,NA,43380,NA,41620
General Medical and Surgical Hospitals,Graduate Teaching Assistants,NA,33990,NA,39130,NA,37760
General Medical and Surgical Hospitals,"Vocational Education Teachers, Postsecondary",50,54310,NA,53030,NA,NA
General Medical and Surgical Hospitals,"Preschool, Primary, Secondary, and Special Education School Teachers",1440,39000,1340,38360,1280,36630
General Medical and Surgical Hospitals,Preschool and Kindergarten Teachers,1130,35580,1000,34470,1000,33050
General Medical and Surgical Hospitals,"Preschool Teachers, Except Special Education",1130,35560,990,34410,1000,33000
General Medical and Surgical Hospitals,Special Education Teachers,270,50790,310,49180,230,49220
General Medical and Surgical Hospitals,"Special Education Teachers, Kindergarten and Elementary School",220,48200,260,47140,190,46350
General Medical and Surgical Hospitals,Other Teachers and Instructors,1440,52270,1510,50920,1430,48350
General Medical and Surgical Hospitals,Self-Enrichment Education Teachers,500,36920,420,40600,NA,43550
General Medical and Surgical Hospitals,Miscellaneous Teachers and Instructors,930,60500,1070,54970,1060,49880
General Medical and Surgical Hospitals,"Teachers and Instructors, All Other, Except Substitute Teachers",930,60670,1060,55140,1060,49940
General Medical and Surgical Hospitals,"Librarians, Curators, and Archivists",1180,56130,1210,56260,1310,54910
General Medical and Surgical Hospitals,"Archivists, Curators, and Museum Technicians",80,60260,70,67170,70,66200
General Medical and Surgical Hospitals,Archivists,70,59110,70,67830,60,66530
General Medical and Surgical Hospitals,Librarians,930,59320,980,58040,1020,57750
General Medical and Surgical Hospitals,Library Technicians,180,37680,160,40120,230,39200
General Medical and Surgical Hospitals,"Other Education, Training, and Library Occupations",1820,49790,1800,48780,1800,46410
General Medical and Surgical Hospitals,Audio-Visual and Multimedia Collections Specialists,40,61830,40,57350,100,44270
General Medical and Surgical Hospitals,Instructional Coordinators,770,70620,710,70890,640,68560
General Medical and Surgical Hospitals,Teacher Assistants,890,28970,910,28300,900,27640
General Medical and Surgical Hospitals,"Miscellaneous Education, Training, and Library Workers",110,67680,140,66540,160,66340
General Medical and Surgical Hospitals,"Education, Training, and Library Workers, All Other",110,67680,140,66540,160,66340
General Medical and Surgical Hospitals,"Arts, Design, Entertainment, Sports, and Media Occupations",10120,57640,10120,55870,9960,55070
General Medical and Surgical Hospitals,Art and Design Workers,810,57630,800,55210,740,55580
General Medical and Surgical Hospitals,Artists and Related Workers,120,62840,110,59550,60,68410
General Medical and Surgical Hospitals,Multimedia Artists and Animators,60,50690,50,47880,NA,NA
General Medical and Surgical Hospitals,Designers,690,56730,690,54540,680,54390
General Medical and Surgical Hospitals,Floral Designers,50,33250,80,36380,70,37300
General Medical and Surgical Hospitals,Graphic Designers,530,57760,520,56290,500,55410
General Medical and Surgical Hospitals,Interior Designers,80,62100,90,59910,100,60890
General Medical and Surgical Hospitals,"Entertainers and Performers, Sports and Related Workers",230,57460,240,56910,270,66980
General Medical and Surgical Hospitals,"Actors, Producers, and Directors",210,58600,220,57660,190,56650
General Medical and Surgical Hospitals,Producers and Directors,NA,69280,NA,64140,NA,63340
General Medical and Surgical Hospitals,Media and Communication Workers,8320,58200,8330,56380,8260,55100
General Medical and Surgical Hospitals,Public Relations Specialists,3320,62980,3310,60880,3250,59320
General Medical and Surgical Hospitals,Writers and Editors,650,70240,700,71360,780,68830
General Medical and Surgical Hospitals,Editors,170,73600,160,72200,190,63990
General Medical and Surgical Hospitals,Technical Writers,310,70770,360,73550,400,73000
General Medical and Surgical Hospitals,Writers and Authors,170,65990,180,66120,190,64770
General Medical and Surgical Hospitals,Miscellaneous Media and Communication Workers,4350,52760,4320,50490,4230,49320
General Medical and Surgical Hospitals,Interpreters and Translators,4320,52630,4220,50430,4130,49330
General Medical and Surgical Hospitals,"Media and Communication Workers, All Other",NA,69530,100,53240,100,49140
General Medical and Surgical Hospitals,Media and Communication Equipment Workers,760,51600,750,50560,690,49550
General Medical and Surgical Hospitals,Broadcast and Sound Engineering Technicians and Radio Operators,520,47150,500,46470,470,45900
General Medical and Surgical Hospitals,Audio and Video Equipment Technicians,500,46950,490,46450,470,46000
General Medical and Surgical Hospitals,Photographers,160,59040,170,56900,160,56380
General Medical and Surgical Hospitals,"Television, Video, and Motion Picture Camera Operators and Editors",50,59790,50,55330,40,56810
General Medical and Surgical Hospitals,"Camera Operators, Television, Video, and Motion Picture",40,58100,40,53600,30,53290
General Medical and Surgical Hospitals,Miscellaneous Media and Communication Equipment Workers,30,73840,NA,NA,NA,NA
General Medical and Surgical Hospitals,"Media and Communication Equipment Workers, All Other",30,73840,NA,NA,NA,NA
General Medical and Surgical Hospitals,Healthcare Practitioners and Technical Occupations,2657530,79320,2637890,77210,2576510,75160
General Medical and Surgical Hospitals,Health Diagnosing and Treating Practitioners,1941220,88870,1918870,86430,1864390,84150
General Medical and Surgical Hospitals,Chiropractors,240,88130,340,65290,480,63120
General Medical and Surgical Hospitals,Dentists,1620,144350,1610,138590,1430,128760
General Medical and Surgical Hospitals,"Dentists, General",1100,155470,1100,152620,980,143550
General Medical and Surgical Hospitals,Oral and Maxillofacial Surgeons,290,107340,280,97090,240,88130
General Medical and Surgical Hospitals,Orthodontists,150,125000,130,113640,140,100090
General Medical and Surgical Hospitals,"Dentists, All Other Specialists",70,173440,90,137970,70,124070
General Medical and Surgical Hospitals,Dietitians and Nutritionists,15750,62570,15450,61440,15140,60660
General Medical and Surgical Hospitals,Optometrists,330,113440,270,102700,310,96790
General Medical and Surgical Hospitals,Pharmacists,63240,125180,62710,122560,60100,120900
General Medical and Surgical Hospitals,Physicians and Surgeons,140820,189670,130230,186470,122800,178210
General Medical and Surgical Hospitals,Anesthesiologists,3260,215800,2830,208730,2400,199640
General Medical and Surgical Hospitals,Family and General Practitioners,15260,206880,17190,205150,17640,196710
General Medical and Surgical Hospitals,"Internists, General",8230,171870,7700,181850,8490,164370
General Medical and Surgical Hospitals,Obstetricians and Gynecologists,2810,217550,2440,211580,2240,211100
General Medical and Surgical Hospitals,"Pediatricians, General",4660,168420,4230,176510,3750,170890
General Medical and Surgical Hospitals,Psychiatrists,2690,212390,2800,203810,2800,190270
General Medical and Surgical Hospitals,Surgeons,6000,232390,6170,224180,5830,213930
General Medical and Surgical Hospitals,"Physicians and Surgeons, All Other",97910,184580,86880,179000,79640,171320
General Medical and Surgical Hospitals,Physician Assistants,24900,109330,22560,106200,20640,103450
General Medical and Surgical Hospitals,Podiatrists,550,138330,650,135970,640,125240
General Medical and Surgical Hospitals,Therapists,186550,75090,185850,74350,180150,72850
General Medical and Surgical Hospitals,Occupational Therapists,23310,85560,23440,84530,22300,82790
General Medical and Surgical Hospitals,Physical Therapists,47040,90050,47320,88680,45510,87140
General Medical and Surgical Hospitals,Radiation Therapists,9980,85710,10120,84980,9700,84250
General Medical and Surgical Hospitals,Recreational Therapists,2760,53280,2720,51820,2750,51000
General Medical and Surgical Hospitals,Respiratory Therapists,84530,62720,83330,62180,81510,60990
General Medical and Surgical Hospitals,Speech-Language Pathologists,14070,85170,13840,84320,13130,82800
General Medical and Surgical Hospitals,Exercise Physiologists,3450,52310,3300,51750,3290,50550
General Medical and Surgical Hospitals,"Therapists, All Other",1390,67030,1780,66980,1960,66470
General Medical and Surgical Hospitals,Veterinarians,30,119560,90,103820,90,104290
General Medical and Surgical Hospitals,Registered Nurses,1453920,77830,1447750,76020,1414350,74640
General Medical and Surgical Hospitals,Nurse Anesthetists,10320,186690,9930,184180,9080,173400
General Medical and Surgical Hospitals,Nurse Midwives,1430,109930,1300,106430,1340,104270
General Medical and Surgical Hospitals,Nurse Practitioners,36690,113450,35060,111400,32040,108520
General Medical and Surgical Hospitals,Audiologists,1610,83340,1450,82370,1380,81240
General Medical and Surgical Hospitals,Miscellaneous Health Diagnosing and Treating Practitioners,3210,81680,3600,81170,4410,79760
General Medical and Surgical Hospitals,"Health Diagnosing and Treating Practitioners, All Other",3210,81680,3600,81170,4410,79760
General Medical and Surgical Hospitals,Health Technologists and Technicians,699440,53250,702060,52430,693850,51440
General Medical and Surgical Hospitals,Clinical Laboratory Technologists and Technicians,133960,56020,138250,55700,139900,54760
General Medical and Surgical Hospitals,Dental Hygienists,480,70430,530,70320,480,68810
General Medical and Surgical Hospitals,Diagnostic Related Technologists and Technicians,211520,65830,207820,64770,201980,63660
General Medical and Surgical Hospitals,Cardiovascular Technologists and Technicians,38710,58480,38240,57360,37420,56820
General Medical and Surgical Hospitals,Diagnostic Medical Sonographers,37300,74200,36200,73050,34280,71690
General Medical and Surgical Hospitals,Nuclear Medicine Technologists,12060,78860,12240,77480,12290,75980
General Medical and Surgical Hospitals,Radiologic Technologists,103290,62890,101590,62010,99690,60940
General Medical and Surgical Hospitals,Magnetic Resonance Imaging Technologists,20160,71760,19550,70280,18290,69120
General Medical and Surgical Hospitals,Emergency Medical Technicians and Paramedics,36030,39030,35670,38410,33220,38000
General Medical and Surgical Hospitals,Health Practitioner Support Technologists and Technicians,149050,43500,146800,42640,144030,41710
General Medical and Surgical Hospitals,Dietetic Technicians,9750,33480,10470,33080,10690,32780
General Medical and Surgical Hospitals,Pharmacy Technicians,54670,38640,53030,37860,51310,37010
General Medical and Surgical Hospitals,Psychiatric Technicians,9840,35030,9720,34870,10150,34480
General Medical and Surgical Hospitals,Respiratory Therapy Technicians,5920,54420,5930,53700,6750,52210
General Medical and Surgical Hospitals,Surgical Technologists,67080,49070,66230,48040,64000,46900
General Medical and Surgical Hospitals,Veterinary Technologists and Technicians,160,45120,140,43210,110,43320
General Medical and Surgical Hospitals,Ophthalmic Medical Technicians,1630,48270,1280,47350,1020,47850
General Medical and Surgical Hospitals,Licensed Practical and Licensed Vocational Nurses,69350,45450,71190,44450,72280,43840
General Medical and Surgical Hospitals,Medical Records and Health Information Technicians,54890,46640,56910,45660,56900,44360
General Medical and Surgical Hospitals,"Opticians, Dispensing",270,42170,360,42450,420,43010
General Medical and Surgical Hospitals,Miscellaneous Health Technologists and Technicians,43900,49340,44550,49480,44630,48370
General Medical and Surgical Hospitals,Orthotists and Prosthetists,540,62680,470,60220,390,59290
General Medical and Surgical Hospitals,Hearing Aid Specialists,190,43180,130,43900,150,42240
General Medical and Surgical Hospitals,"Health Technologists and Technicians, All Other",43160,49200,43950,49380,44090,48290
General Medical and Surgical Hospitals,Other Healthcare Practitioners and Technical Occupations,16870,61220,16950,59880,18280,57900
General Medical and Surgical Hospitals,Occupational Health and Safety Specialists and Technicians,3510,68960,3310,68730,3340,66930
General Medical and Surgical Hospitals,Occupational Health and Safety Specialists,2790,73430,2500,74650,2330,75000
General Medical and Surgical Hospitals,Occupational Health and Safety Technicians,720,51530,820,50630,1010,48340
General Medical and Surgical Hospitals,Miscellaneous Health Practitioners and Technical Workers,13360,59190,13640,57730,14940,55880
General Medical and Surgical Hospitals,Athletic Trainers,4420,47660,3790,47270,3270,46650
General Medical and Surgical Hospitals,Genetic Counselors,910,81340,850,77430,820,74630
General Medical and Surgical Hospitals,"Healthcare Practitioners and Technical Workers, All Other",8020,63030,8990,60290,10850,57250
General Medical and Surgical Hospitals,Healthcare Support Occupations,572080,33900,563720,33060,549690,32390
General Medical and Surgical Hospitals,"Nursing, Psychiatric, and Home Health Aides",357230,31420,352970,30560,339370,29820
General Medical and Surgical Hospitals,Home Health Aides,NA,28500,6500,26830,6630,26210
General Medical and Surgical Hospitals,Psychiatric Aides,NA,34860,3760,33440,2990,32690
General Medical and Surgical Hospitals,Nursing Assistants,312160,31560,306380,30730,295490,29980
General Medical and Surgical Hospitals,Orderlies,34600,30260,36340,29510,34260,28830
General Medical and Surgical Hospitals,Occupational Therapy and Physical Therapist Assistants and Aides,27440,48540,26550,47600,25410,46630
General Medical and Surgical Hospitals,Occupational Therapy Assistants and Aides,5390,50030,5350,48490,4850,48490
General Medical and Surgical Hospitals,Occupational Therapy Assistants,4260,54740,4170,52920,3790,52510
General Medical and Surgical Hospitals,Occupational Therapy Aides,1130,32190,1180,32790,1060,34160
General Medical and Surgical Hospitals,Physical Therapist Assistants and Aides,22060,48170,21210,47370,20560,46190
General Medical and Surgical Hospitals,Physical Therapist Assistants,15690,55010,14500,55030,13890,53840
General Medical and Surgical Hospitals,Physical Therapist Aides,6360,31300,6700,30810,6680,30280
General Medical and Surgical Hospitals,Other Healthcare Support Occupations,187410,36490,184190,35750,184900,35140
General Medical and Surgical Hospitals,Massage Therapists,840,53020,810,52590,720,51580
General Medical and Surgical Hospitals,Miscellaneous Healthcare Support Occupations,186570,36420,183380,35680,184190,35080
General Medical and Surgical Hospitals,Dental Assistants,1740,40900,1700,39790,1440,39860
General Medical and Surgical Hospitals,Medical Assistants,79510,35740,74510,34650,74080,34180
General Medical and Surgical Hospitals,Medical Equipment Preparers,33870,38170,33260,37220,31910,36310
General Medical and Surgical Hospitals,Medical Transcriptionists,9510,40920,11250,40710,12870,40630
General Medical and Surgical Hospitals,Pharmacy Aides,2350,36140,2220,36520,2440,37480
General Medical and Surgical Hospitals,Veterinary Assistants and Laboratory Animal Caretakers,NA,36300,610,34710,570,34380
General Medical and Surgical Hospitals,Phlebotomists,39450,34790,37960,33790,37260,32970
General Medical and Surgical Hospitals,"Healthcare Support Workers, All Other",NA,36880,21870,37140,23610,35990
General Medical and Surgical Hospitals,Protective Service Occupations,38110,38690,38110,37510,36590,36080
General Medical and Surgical Hospitals,Supervisors of Protective Service Workers,2470,58820,2470,56690,2330,55290
General Medical and Surgical Hospitals,First-Line Supervisors of Law Enforcement Workers,40,80680,30,66570,NA,NA
General Medical and Surgical Hospitals,First-Line Supervisors of Police and Detectives,40,80680,30,66570,NA,NA
General Medical and Surgical Hospitals,"Miscellaneous First-Line Supervisors, Protective Service Workers",2430,58420,2440,56560,2300,55160
General Medical and Surgical Hospitals,"First-Line Supervisors of Protective Service Workers, All Other",2430,58420,2440,56560,2300,55160
General Medical and Surgical Hospitals,Fire Fighting and Prevention Workers,50,47510,50,46200,80,46830
General Medical and Surgical Hospitals,Firefighters,40,47060,40,45230,70,46150
General Medical and Surgical Hospitals,Law Enforcement Workers,1310,60790,1160,58130,990,54800
General Medical and Surgical Hospitals,Police Officers,1300,61080,1150,58310,990,54800
General Medical and Surgical Hospitals,Police and Sheriff's Patrol Officers,1300,61080,1150,58310,990,54800
General Medical and Surgical Hospitals,Other Protective Service Workers,34270,36380,34430,35430,33190,34150
General Medical and Surgical Hospitals,Security Guards and Gaming Surveillance Officers,33790,36420,33910,35430,32670,34160
General Medical and Surgical Hospitals,Security Guards,33790,36420,33910,35430,32670,34160
General Medical and Surgical Hospitals,Miscellaneous Protective Service Workers,470,32990,510,34250,500,32630
General Medical and Surgical Hospitals,"Lifeguards, Ski Patrol, and Other Recreational Protective Service Workers",220,26270,210,24440,200,23920
General Medical and Surgical Hospitals,Transportation Security Screeners,NA,41650,130,43650,NA,39970
General Medical and Surgical Hospitals,"Protective Service Workers, All Other",160,37350,160,39230,160,37330
General Medical and Surgical Hospitals,Food Preparation and Serving Related Occupations,102030,30600,103820,29660,104540,28610
General Medical and Surgical Hospitals,Supervisors of Food Preparation and Serving Workers,7420,46140,7420,45710,7420,44050
General Medical and Surgical Hospitals,Chefs and Head Cooks,1160,54720,1200,54700,1140,52450
General Medical and Surgical Hospitals,First-Line Supervisors of Food Preparation and Serving Workers,6270,44560,6210,43970,6280,42520
General Medical and Surgical Hospitals,Cooks and Food Preparation Workers,37110,31710,39380,30380,40940,29170
General Medical and Surgical Hospitals,Cooks,25290,32340,26090,31360,26090,30380
General Medical and Surgical Hospitals,"Cooks, Fast Food",40,26840,50,29260,40,28030
General Medical and Surgical Hospitals,"Cooks, Institution and Cafeteria",24940,32350,25710,31390,25670,30410
General Medical and Surgical Hospitals,"Cooks, Restaurant",60,31640,70,29930,60,28940
General Medical and Surgical Hospitals,"Cooks, Short Order",230,32700,250,29960,290,29000
General Medical and Surgical Hospitals,Food Preparation Workers,11820,30360,13290,28460,14850,27040
General Medical and Surgical Hospitals,Food and Beverage Serving Workers,51820,27900,51190,27080,50310,26200
General Medical and Surgical Hospitals,Fast Food and Counter Workers,16780,27110,16640,26500,15760,25630
General Medical and Surgical Hospitals,"Combined Food Preparation and Serving Workers, Including Fast Food",13550,26870,13110,26360,11870,25430
General Medical and Surgical Hospitals,"Counter Attendants, Cafeteria, Food Concession, and Coffee Shop",3220,28110,3520,27010,3890,26240
General Medical and Surgical Hospitals,Waiters and Waitresses,200,28920,230,25590,NA,22760
General Medical and Surgical Hospitals,"Food Servers, Nonrestaurant",34840,28270,34320,27370,34310,26480
General Medical and Surgical Hospitals,Other Food Preparation and Serving Related Workers,5670,27700,5830,26960,5880,25940
General Medical and Surgical Hospitals,Dining Room and Cafeteria Attendants and Bartender Helpers,1400,27030,1500,25770,1550,24650
General Medical and Surgical Hospitals,Dishwashers,1920,28180,1990,27420,1940,26470
General Medical and Surgical Hospitals,"Hosts and Hostesses, Restaurant, Lounge, and Coffee Shop",1500,26910,1450,25690,1260,24360
General Medical and Surgical Hospitals,Miscellaneous Food Preparation and Serving Related Workers,850,29140,900,29940,1130,28570
General Medical and Surgical Hospitals,"Food Preparation and Serving Related Workers, All Other",850,29140,900,29940,1130,28570
General Medical and Surgical Hospitals,Building and Grounds Cleaning and Maintenance Occupations,147140,30090,147580,29010,145720,28080
General Medical and Surgical Hospitals,Supervisors of Building and Grounds Cleaning and Maintenance Workers,5760,47530,5960,47350,6080,46120
General Medical and Surgical Hospitals,First-Line Supervisors of Building and Grounds Cleaning and Maintenance Workers,5760,47530,5960,47350,6080,46120
General Medical and Surgical Hospitals,First-Line Supervisors of Housekeeping and Janitorial Workers,5600,47310,5800,47180,5920,45970
General Medical and Surgical Hospitals,"First-Line Supervisors of Landscaping, Lawn Service, and Groundskeeping Workers",160,55430,160,53360,160,51430
General Medical and Surgical Hospitals,Building Cleaning and Pest Control Workers,139470,29300,139740,28150,137630,27210
General Medical and Surgical Hospitals,Building Cleaning Workers,139420,29300,139680,28150,137580,27200
General Medical and Surgical Hospitals,"Janitors and Cleaners, Except Maids and Housekeeping Cleaners",54910,29490,51450,28860,49510,27920
General Medical and Surgical Hospitals,Maids and Housekeeping Cleaners,84310,29170,87950,27730,87870,26790
General Medical and Surgical Hospitals,"Building Cleaning Workers, All Other",210,31260,280,29430,200,29290
General Medical and Surgical Hospitals,Pest Control Workers,NA,38650,60,37580,60,37800
General Medical and Surgical Hospitals,Grounds Maintenance Workers,1910,35020,1880,34150,2010,33120
General Medical and Surgical Hospitals,Landscaping and Groundskeeping Workers,1870,34910,1770,34200,1880,33000
General Medical and Surgical Hospitals,Personal Care and Service Occupations,20930,33430,19940,32130,18210,31050
General Medical and Surgical Hospitals,Supervisors of Personal Care and Service Workers,660,53550,730,52580,640,51590
General Medical and Surgical Hospitals,First-Line Supervisors of Personal Service Workers,660,53550,730,52580,640,51590
General Medical and Surgical Hospitals,Animal Care and Service Workers,80,33840,40,35110,40,34560
General Medical and Surgical Hospitals,Nonfarm Animal Caretakers,80,33840,40,35110,40,34560
General Medical and Surgical Hospitals,Entertainment Attendants and Related Workers,240,23840,320,23730,280,23010
General Medical and Surgical Hospitals,Miscellaneous Entertainment Attendants and Related Workers,220,22980,280,23320,240,22620
General Medical and Surgical Hospitals,Amusement and Recreation Attendants,170,23270,220,23150,180,22170
General Medical and Surgical Hospitals,"Locker Room, Coatroom, and Dressing Room Attendants",50,22060,60,21120,50,21370
General Medical and Surgical Hospitals,Personal Appearance Workers,220,41570,200,39550,190,38480
General Medical and Surgical Hospitals,"Barbers, Hairdressers, Hairstylists and Cosmetologists",80,36730,80,37480,80,36130
General Medical and Surgical Hospitals,"Hairdressers, Hairstylists, and Cosmetologists",80,36620,80,37550,80,35320
General Medical and Surgical Hospitals,Miscellaneous Personal Appearance Workers,140,44240,120,40890,110,40230
General Medical and Surgical Hospitals,Manicurists and Pedicurists,30,29550,NA,NA,NA,NA
General Medical and Surgical Hospitals,Skincare Specialists,110,48330,100,42770,90,41570
General Medical and Surgical Hospitals,"Baggage Porters, Bellhops, and Concierges",950,35200,740,34370,680,35420
General Medical and Surgical Hospitals,Baggage Porters and Bellhops,50,24220,30,25480,NA,NA
General Medical and Surgical Hospitals,Concierges,910,35780,710,34760,670,35640
General Medical and Surgical Hospitals,Other Personal Care and Service Workers,18730,32660,17870,31260,16360,30110
General Medical and Surgical Hospitals,Childcare Workers,3280,28460,3220,27620,3080,26800
General Medical and Surgical Hospitals,Personal Care Aides,7770,30260,6800,28950,5520,27750
General Medical and Surgical Hospitals,Recreation and Fitness Workers,6560,37770,6230,36310,5840,34990
General Medical and Surgical Hospitals,Fitness Trainers and Aerobics Instructors,4160,41520,3870,40040,3470,38150
General Medical and Surgical Hospitals,Recreation Workers,2400,31270,2360,30190,2370,30370
General Medical and Surgical Hospitals,Residential Advisors,270,31190,270,30550,240,31410
General Medical and Surgical Hospitals,Miscellaneous Personal Care and Service Workers,850,31830,1340,28410,1670,26790
General Medical and Surgical Hospitals,"Personal Care and Service Workers, All Other",850,31830,1340,28410,1670,26790
General Medical and Surgical Hospitals,Sales and Related Occupations,9640,35670,9930,33850,10100,33780
General Medical and Surgical Hospitals,Supervisors of Sales Workers,950,52820,1060,50230,1010,50260
General Medical and Surgical Hospitals,First-Line Supervisors of Sales Workers,950,52820,1060,50230,1010,50260
General Medical and Surgical Hospitals,First-Line Supervisors of Retail Sales Workers,910,51650,1020,49530,970,49140
General Medical and Surgical Hospitals,First-Line Supervisors of Non-Retail Sales Workers,40,78090,40,70050,40,77270
General Medical and Surgical Hospitals,Retail Sales Workers,7360,29460,7660,28100,7900,27930
General Medical and Surgical Hospitals,Cashiers,5940,29580,6400,27990,6600,27750
General Medical and Surgical Hospitals,Retail Salespersons,1410,28920,1250,28630,1280,28810
General Medical and Surgical Hospitals,"Sales Representatives, Services",1050,57480,970,55450,960,59250
General Medical and Surgical Hospitals,Insurance Sales Agents,310,50230,NA,NA,NA,NA
General Medical and Surgical Hospitals,"Miscellaneous Sales Representatives, Services",730,60520,830,58530,930,59190
General Medical and Surgical Hospitals,"Sales Representatives, Services, All Other",730,60520,830,58530,930,59190
General Medical and Surgical Hospitals,"Sales Representatives, Wholesale and Manufacturing, Technical and Scientific Products",40,80330,40,91030,40,88730
General Medical and Surgical Hospitals,Other Sales and Related Workers,130,55850,140,52860,120,49110
General Medical and Surgical Hospitals,Miscellaneous Sales and Related Workers,100,46710,120,47270,110,46520
General Medical and Surgical Hospitals,"Sales and Related Workers, All Other",100,46710,120,47270,110,46520
General Medical and Surgical Hospitals,Office and Administrative Support Occupations,569640,39640,573280,38660,576660,37910
General Medical and Surgical Hospitals,Supervisors of Office and Administrative Support Workers,37300,64320,36480,63240,37100,61890
General Medical and Surgical Hospitals,First-Line Supervisors of Office and Administrative Support Workers,37300,64320,36480,63240,37100,61890
General Medical and Surgical Hospitals,Communications Equipment Operators,13950,32330,14510,31630,14650,31090
General Medical and Surgical Hospitals,"Switchboard Operators, Including Answering Service",12730,31860,13090,31110,13010,30690
General Medical and Surgical Hospitals,Telephone Operators,1100,37170,1240,36350,1490,33800
General Medical and Surgical Hospitals,Miscellaneous Communications Equipment Operators,130,37650,170,37400,160,38280
General Medical and Surgical Hospitals,"Communications Equipment Operators, All Other",130,37650,170,37400,160,38280
General Medical and Surgical Hospitals,Financial Clerks,59300,40440,60770,39670,63760,38530
General Medical and Surgical Hospitals,Bill and Account Collectors,6610,38840,6940,37760,8330,37150
General Medical and Surgical Hospitals,Billing and Posting Clerks,31640,39540,31570,38730,32620,37550
General Medical and Surgical Hospitals,"Bookkeeping, Accounting, and Auditing Clerks",15420,42270,16220,41440,16520,40220
General Medical and Surgical Hospitals,Payroll and Timekeeping Clerks,2540,46650,2690,45490,2700,43750
General Medical and Surgical Hospitals,Procurement Clerks,2530,38700,2710,39280,2870,39070
General Medical and Surgical Hospitals,Tellers,50,33040,40,31750,60,32200
General Medical and Surgical Hospitals,Miscellaneous Financial Clerks,510,40350,610,39800,650,38860
General Medical and Surgical Hospitals,"Financial Clerks, All Other",510,40350,610,39800,650,38860
General Medical and Surgical Hospitals,Information and Record Clerks,164710,35650,161510,34820,161850,34140
General Medical and Surgical Hospitals,Brokerage Clerks,40,41960,NA,40420,NA,NA
General Medical and Surgical Hospitals,Correspondence Clerks,370,38740,420,38530,360,36690
General Medical and Surgical Hospitals,"Credit Authorizers, Checkers, and Clerks",450,40660,470,40100,760,42450
General Medical and Surgical Hospitals,Customer Service Representatives,52000,36390,46170,35970,44870,35660
General Medical and Surgical Hospitals,"Eligibility Interviewers, Government Programs",710,45140,700,44150,650,42730
General Medical and Surgical Hospitals,File Clerks,5620,33250,6090,32540,7000,31590
General Medical and Surgical Hospitals,"Hotel, Motel, and Resort Desk Clerks",40,32610,30,30880,NA,NA
General Medical and Surgical Hospitals,"Interviewers, Except Eligibility and Loan",59960,35960,62060,34830,60420,34030
General Medical and Surgical Hospitals,"Library Assistants, Clerical",150,33950,130,33110,190,34480
General Medical and Surgical Hospitals,Order Clerks,230,33360,170,34700,140,34590
General Medical and Surgical Hospitals,"Human Resources Assistants, Except Payroll and Timekeeping",4130,42490,4340,41090,4340,40310
General Medical and Surgical Hospitals,Receptionists and Information Clerks,36100,32810,34910,32050,34920,31490
General Medical and Surgical Hospitals,Miscellaneous Information and Record Clerks,4900,39980,5910,38090,8070,35300
General Medical and Surgical Hospitals,"Information and Record Clerks, All Other",4900,39980,5910,38090,8070,35300
General Medical and Surgical Hospitals,"Material Recording, Scheduling, Dispatching, and Distributing Workers",39940,35690,40170,34750,40140,34400
General Medical and Surgical Hospitals,Couriers and Messengers,4920,30290,4930,29420,4670,28700
General Medical and Surgical Hospitals,Dispatchers,3120,37800,3080,37170,3080,36830
General Medical and Surgical Hospitals,"Police, Fire, and Ambulance Dispatchers",1600,38720,1780,37820,1690,36790
General Medical and Surgical Hospitals,"Dispatchers, Except Police, Fire, and Ambulance",1530,36840,1300,36290,1390,36860
General Medical and Surgical Hospitals,"Production, Planning, and Expediting Clerks",7160,42540,7060,41440,6820,41230
General Medical and Surgical Hospitals,"Shipping, Receiving, and Traffic Clerks",2900,35460,3020,35590,3100,35530
General Medical and Surgical Hospitals,Stock Clerks and Order Fillers,21710,34390,21930,33340,22130,33040
General Medical and Surgical Hospitals,"Weighers, Measurers, Checkers, and Samplers, Recordkeeping",130,36030,140,35910,NA,33490
General Medical and Surgical Hospitals,Secretaries and Administrative Assistants,191630,40190,192260,38980,186970,38220
General Medical and Surgical Hospitals,Executive Secretaries and Executive Administrative Assistants,18190,57510,17950,55550,18600,53720
General Medical and Surgical Hospitals,Legal Secretaries,100,52840,130,46790,170,47320
General Medical and Surgical Hospitals,Medical Secretaries,127610,37560,123930,36290,115030,35450
General Medical and Surgical Hospitals,"Secretaries and Administrative Assistants, Except Legal, Medical, and Executive",45730,40600,50250,39680,53180,38760
General Medical and Surgical Hospitals,Other Office and Administrative Support Workers,62810,37140,67580,36560,72190,36000
General Medical and Surgical Hospitals,Computer Operators,730,45580,860,44180,1070,42630
General Medical and Surgical Hospitals,Data Entry and Information Processing Workers,2620,37260,3090,35830,3500,34960
General Medical and Surgical Hospitals,Data Entry Keyers,2170,36270,2530,34770,2820,33860
General Medical and Surgical Hospitals,Word Processors and Typists,450,42040,560,40610,680,39570
General Medical and Surgical Hospitals,Desktop Publishers,30,52200,50,56410,60,54130
General Medical and Surgical Hospitals,Insurance Claims and Policy Processing Clerks,2350,38910,2220,38750,1940,39270
General Medical and Surgical Hospitals,"Mail Clerks and Mail Machine Operators, Except Postal Service",1010,33110,1120,32350,1200,31430
General Medical and Surgical Hospitals,"Office Clerks, General",49050,36110,51900,35820,55260,35280
General Medical and Surgical Hospitals,"Office Machine Operators, Except Computer",1040,34040,1120,33470,1230,33260
General Medical and Surgical Hospitals,Proofreaders and Copy Markers,30,47980,NA,45400,40,42910
General Medical and Surgical Hospitals,Statistical Assistants,730,47250,810,46700,780,43460
General Medical and Surgical Hospitals,Miscellaneous Office and Administrative Support Workers,5220,44560,6370,40940,7100,40530
General Medical and Surgical Hospitals,"Office and Administrative Support Workers, All Other",5220,44560,6370,40940,7100,40530
General Medical and Surgical Hospitals,"Farming, Fishing, and Forestry Occupations",NA,33100,NA,NA,60,25880
General Medical and Surgical Hospitals,Agricultural Workers,NA,33100,NA,NA,60,25880
General Medical and Surgical Hospitals,Miscellaneous Agricultural Workers,NA,33100,NA,NA,60,25880
General Medical and Surgical Hospitals,"Farmworkers, Farm, Ranch, and Aquacultural Animals",NA,33260,NA,NA,NA,NA
General Medical and Surgical Hospitals,Construction and Extraction Occupations,9450,58260,9900,57600,9650,56100
General Medical and Surgical Hospitals,Supervisors of Construction and Extraction Workers,410,78190,500,76480,550,75450
General Medical and Surgical Hospitals,First-Line Supervisors of Construction Trades and Extraction Workers,410,78190,500,76480,550,75450
General Medical and Surgical Hospitals,Construction Trades Workers,8830,57700,9110,57160,8780,55510
General Medical and Surgical Hospitals,Boilermakers,NA,61790,100,60570,100,59200
General Medical and Surgical Hospitals,Carpenters,2060,56730,2120,56030,2000,54230
General Medical and Surgical Hospitals,Construction Laborers,100,54710,160,52170,170,50730
General Medical and Surgical Hospitals,Electricians,2810,62700,2930,61470,2860,59530
General Medical and Surgical Hospitals,Painters and Paperhangers,2010,49500,1970,49280,1900,48210
General Medical and Surgical Hospitals,"Painters, Construction and Maintenance",2010,49500,1970,49260,1890,48200
General Medical and Surgical Hospitals,"Pipelayers, Plumbers, Pipefitters, and Steamfitters",1640,60670,1620,60460,1570,58370
General Medical and Surgical Hospitals,"Plumbers, Pipefitters, and Steamfitters",1640,60670,1620,60460,1570,58370
General Medical and Surgical Hospitals,Plasterers and Stucco Masons,50,61560,30,67070,30,66280
General Medical and Surgical Hospitals,"Helpers, Construction Trades",50,41340,40,43640,60,40970
General Medical and Surgical Hospitals,Other Construction and Related Workers,150,42660,250,38530,260,38510
General Medical and Surgical Hospitals,Hazardous Materials Removal Workers,110,36970,220,38050,230,36750
General Medical and Surgical Hospitals,Miscellaneous Construction and Related Workers,40,58760,NA,NA,NA,NA
General Medical and Surgical Hospitals,"Installation, Maintenance, and Repair Occupations",39870,51640,40430,50500,40940,49070
General Medical and Surgical Hospitals,"Supervisors of Installation, Maintenance, and Repair Workers",3630,71690,3720,70310,3680,68490
General Medical and Surgical Hospitals,"First-Line Supervisors of Mechanics, Installers, and Repairers",3630,71690,3720,70310,3680,68490
General Medical and Surgical Hospitals,"Electrical and Electronic Equipment Mechanics, Installers, and Repairers",620,56520,630,55230,630,51990
General Medical and Surgical Hospitals,"Computer, Automated Teller, and Office Machine Repairers",70,43860,110,43830,120,43000
General Medical and Surgical Hospitals,Radio and Telecommunications Equipment Installers and Repairers,330,58270,310,58410,330,54910
General Medical and Surgical Hospitals,"Telecommunications Equipment Installers and Repairers, Except Line Installers",320,58010,300,58350,310,54750
General Medical and Surgical Hospitals,"Miscellaneous Electrical and Electronic Equipment Mechanics, Installers, and Repairers",230,57600,210,56580,180,52620
General Medical and Surgical Hospitals,"Electrical and Electronics Repairers, Commercial and Industrial Equipment",140,56080,130,55370,90,51570
General Medical and Surgical Hospitals,Security and Fire Alarm Systems Installers,80,60530,70,59560,70,54510
General Medical and Surgical Hospitals,"Vehicle and Mobile Equipment Mechanics, Installers, and Repairers",340,51380,340,50540,360,48290
General Medical and Surgical Hospitals,Aircraft Mechanics and Service Technicians,50,69480,50,70190,50,69180
General Medical and Surgical Hospitals,Automotive Technicians and Repairers,240,49110,250,47890,230,46280
General Medical and Surgical Hospitals,Automotive Service Technicians and Mechanics,240,49110,250,47890,230,46280
General Medical and Surgical Hospitals,Bus and Truck Mechanics and Diesel Engine Specialists,50,45890,40,45210,80,42280
General Medical and Surgical Hospitals,"Other Installation, Maintenance, and Repair Occupations",35280,49490,35730,48360,36280,47050
General Medical and Surgical Hospitals,"Heating, Air Conditioning, and Refrigeration Mechanics and Installers",3000,58760,2920,57520,2920,55410
General Medical and Surgical Hospitals,"Industrial Machinery Installation, Repair, and Maintenance Workers",340,50920,350,NA,400,49840
General Medical and Surgical Hospitals,Industrial Machinery Mechanics,200,51530,220,50820,220,48690
General Medical and Surgical Hospitals,"Maintenance Workers, Machinery",130,49370,130,48230,180,50800
General Medical and Surgical Hospitals,Line Installers and Repairers,50,55380,40,53120,40,53450
General Medical and Surgical Hospitals,Telecommunications Line Installers and Repairers,40,55530,30,53250,40,53450
General Medical and Surgical Hospitals,Precision Instrument and Equipment Repairers,6080,57850,6030,56580,5730,54470
General Medical and Surgical Hospitals,Camera and Photographic Equipment Repairers,50,49250,60,45400,70,49160
General Medical and Surgical Hospitals,Medical Equipment Repairers,6020,57930,5960,56690,5650,54540
General Medical and Surgical Hospitals,"Maintenance and Repair Workers, General",25220,46430,25750,45440,26480,44620
General Medical and Surgical Hospitals,"Miscellaneous Installation, Maintenance, and Repair Workers",580,46040,630,45230,640,42670
General Medical and Surgical Hospitals,"Coin, Vending, and Amusement Machine Servicers and Repairers",40,28560,NA,27470,NA,NA
General Medical and Surgical Hospitals,Locksmiths and Safe Repairers,240,55400,270,54150,270,52200
General Medical and Surgical Hospitals,"Helpers--Installation, Maintenance, and Repair Workers",200,37160,220,36550,250,31700
General Medical and Surgical Hospitals,"Installation, Maintenance, and Repair Workers, All Other",100,48150,100,47910,90,46190
General Medical and Surgical Hospitals,Production Occupations,12440,45010,13010,43460,13270,42120
General Medical and Surgical Hospitals,Supervisors of Production Workers,550,64020,600,65580,650,63560
General Medical and Surgical Hospitals,First-Line Supervisors of Production and Operating Workers,550,64020,600,65580,650,63560
General Medical and Surgical Hospitals,Food Processing Workers,210,32890,240,33040,230,30850
General Medical and Surgical Hospitals,Bakers,200,33080,230,33450,220,31200
General Medical and Surgical Hospitals,Metal Workers and Plastic Workers,NA,51100,50,52150,50,50390
General Medical and Surgical Hospitals,Machinists,NA,51290,NA,NA,NA,NA
General Medical and Surgical Hospitals,Printing Workers,240,40700,290,39620,330,39810
General Medical and Surgical Hospitals,Prepress Technicians and Workers,NA,40040,70,39480,70,39310
General Medical and Surgical Hospitals,Printing Press Operators,190,40970,200,39920,230,40220
General Medical and Surgical Hospitals,"Textile, Apparel, and Furnishings Workers",6040,28900,6470,28010,6750,27150
General Medical and Surgical Hospitals,Laundry and Dry-Cleaning Workers,6000,28870,6430,27980,6710,27130
General Medical and Surgical Hospitals,Plant and System Operators,4510,65480,4550,63580,4500,61690
General Medical and Surgical Hospitals,"Power Plant Operators, Distributors, and Dispatchers",360,61980,380,65990,370,67700
General Medical and Surgical Hospitals,Power Plant Operators,350,63180,360,67440,370,67730
General Medical and Surgical Hospitals,Stationary Engineers and Boiler Operators,4070,65940,4060,63550,4040,61310
General Medical and Surgical Hospitals,Miscellaneous Plant and System Operators,60,56940,80,55500,70,55240
General Medical and Surgical Hospitals,"Plant and System Operators, All Other",60,56940,80,55500,70,55240
General Medical and Surgical Hospitals,Other Production Occupations,790,41710,750,41050,680,44270
General Medical and Surgical Hospitals,"Inspectors, Testers, Sorters, Samplers, and Weighers",130,40620,NA,38500,40,42170
General Medical and Surgical Hospitals,"Medical, Dental, and Ophthalmic Laboratory Technicians",590,42190,540,42130,510,46110
General Medical and Surgical Hospitals,Medical Appliance Technicians,560,41960,490,41550,430,45940
General Medical and Surgical Hospitals,Miscellaneous Production Workers,40,36960,60,34660,70,34300
General Medical and Surgical Hospitals,"Production Workers, All Other",30,38750,NA,35740,60,34810
General Medical and Surgical Hospitals,Transportation and Material Moving Occupations,10410,33930,10640,33280,10850,32630
General Medical and Surgical Hospitals,Supervisors of Transportation and Material Moving Workers,590,56450,570,53740,590,54820
General Medical and Surgical Hospitals,"First-Line Supervisors of Transportation and Material Moving Workers, Except Aircraft Cargo Handling Supervisors",590,56450,570,53740,NA,NA
General Medical and Surgical Hospitals,Air Transportation Workers,160,88350,170,82950,200,79090
General Medical and Surgical Hospitals,Aircraft Pilots and Flight Engineers,160,87990,170,84340,190,81470
General Medical and Surgical Hospitals,Commercial Pilots,150,88180,160,84490,180,81620
General Medical and Surgical Hospitals,Motor Vehicle Operators,5010,31990,5090,31540,5180,30780
General Medical and Surgical Hospitals,"Ambulance Drivers and Attendants, Except Emergency Medical Technicians",1110,29370,1000,28930,1020,28360
General Medical and Surgical Hospitals,Bus Drivers,230,31990,380,32870,440,32640
General Medical and Surgical Hospitals,"Bus Drivers, Transit and Intercity",60,31110,60,30680,40,37900
General Medical and Surgical Hospitals,"Bus Drivers, School or Special Client",170,32320,320,33270,400,32180
General Medical and Surgical Hospitals,Driver/Sales Workers and Truck Drivers,870,36300,940,33990,1030,33670
General Medical and Surgical Hospitals,Heavy and Tractor-Trailer Truck Drivers,110,41520,110,38650,170,36870
General Medical and Surgical Hospitals,Light Truck or Delivery Services Drivers,750,35550,820,33430,850,33150
General Medical and Surgical Hospitals,Taxi Drivers and Chauffeurs,2630,31250,2580,31170,2420,29450
General Medical and Surgical Hospitals,Miscellaneous Motor Vehicle Operators,180,38150,190,35680,280,37470
General Medical and Surgical Hospitals,"Motor Vehicle Operators, All Other",180,38150,190,35680,280,37470
General Medical and Surgical Hospitals,Other Transportation Workers,1830,27580,2080,27960,2000,27180
General Medical and Surgical Hospitals,Parking Lot Attendants,1760,27510,2000,27920,1910,27200
General Medical and Surgical Hospitals,Miscellaneous Transportation Workers,60,28630,60,28870,50,29060
General Medical and Surgical Hospitals,"Transportation Workers, All Other",60,28630,60,28870,50,29060
General Medical and Surgical Hospitals,Material Moving Workers,2830,33820,2730,33190,2880,32080
General Medical and Surgical Hospitals,Industrial Truck and Tractor Operators,60,NA,60,38260,50,35830
General Medical and Surgical Hospitals,"Laborers and Material Movers, Hand",2680,33510,2580,32910,2730,31900
General Medical and Surgical Hospitals,Cleaners of Vehicles and Equipment,60,31900,NA,NA,NA,NA
General Medical and Surgical Hospitals,"Laborers and Freight, Stock, and Material Movers, Hand",2600,33600,2550,33010,2700,31990
General Medical and Surgical Hospitals,Refuse and Recyclable Material Collectors,60,38950,50,37540,70,33320
General Medical and Surgical Hospitals,Miscellaneous Material Moving Workers,30,NA,40,38930,40,37450
General Medical and Surgical Hospitals,"Material Moving Workers, All Other",30,NA,40,38930,40,37450
Specialty (except Psychiatric and Substance Abuse) Hospitals,"Special Education Teachers, Secondary School",NA,56560,NA,53640,80,54720
Specialty (except Psychiatric and Substance Abuse) Hospitals,"Special Education Teachers, All Other",30,57270,NA,62360,90,51270
General Medical and Surgical Hospitals,Advertising and Promotions Managers,NA,NA,40,99490,40,96040
General Medical and Surgical Hospitals,Environmental Engineers,NA,NA,30,77110,30,75290
General Medical and Surgical Hospitals,Environmental Engineering Technicians,NA,NA,280,51230,240,NA
General Medical and Surgical Hospitals,Mechanical Engineering Technicians,NA,NA,40,68780,60,63730
General Medical and Surgical Hospitals,"Title Examiners, Abstractors, and Searchers",NA,NA,30,59150,NA,NA
General Medical and Surgical Hospitals,"Grounds Maintenance Workers, All Other",NA,NA,110,34120,120,35580
General Medical and Surgical Hospitals,"Ushers, Lobby Attendants, and Ticket Takers",NA,NA,NA,26520,NA,25390
General Medical and Surgical Hospitals,"Sales Representatives, Wholesale and Manufacturing",NA,NA,110,62410,100,64160
General Medical and Surgical Hospitals,"Sales Representatives, Wholesale and Manufacturing, Except Technical and Scientific Products",NA,NA,70,45040,60,46720
General Medical and Surgical Hospitals,New Accounts Clerks,NA,NA,60,34860,90,32710
General Medical and Surgical Hospitals,Construction Equipment Operators,NA,NA,70,62700,70,62390
General Medical and Surgical Hospitals,Operating Engineers and Other Construction Equipment Operators,NA,NA,70,62700,70,62390
General Medical and Surgical Hospitals,"Drywall Installers, Ceiling Tile Installers, and Tapers",NA,NA,30,47450,NA,NA
General Medical and Surgical Hospitals,Drywall and Ceiling Tile Installers,NA,NA,30,47450,NA,NA
General Medical and Surgical Hospitals,Sheet Metal Workers,NA,NA,30,65790,30,77100
General Medical and Surgical Hospitals,Woodworkers,NA,NA,30,51130,60,50220
General Medical and Surgical Hospitals,Cabinetmakers and Bench Carpenters,NA,NA,30,51250,60,50310
General Medical and Surgical Hospitals,Counter and Rental Clerks and Parts Salespersons,NA,NA,30,24010,NA,NA
General Medical and Surgical Hospitals,Counter and Rental Clerks,NA,NA,30,24010,NA,NA
General Medical and Surgical Hospitals,"Wholesale and Retail Buyers, Except Farm Products",NA,NA,NA,NA,450,52300
General Medical and Surgical Hospitals,"Purchasing Agents, Except Wholesale, Retail, and Farm Products",NA,NA,NA,NA,6660,54960
General Medical and Surgical Hospitals,Actuaries,NA,NA,NA,NA,60,91550
General Medical and Surgical Hospitals,Substance Abuse and Behavioral Disorder Counselors,NA,NA,NA,NA,4060,50480
General Medical and Surgical Hospitals,Mental Health Counselors,NA,NA,NA,NA,6540,49430
General Medical and Surgical Hospitals,"Legal Support Workers, All Other",NA,NA,NA,NA,30,67370
General Medical and Surgical Hospitals,Elementary and Middle School Teachers,NA,NA,NA,NA,40,51780
General Medical and Surgical Hospitals,"Elementary School Teachers, Except Special Education",NA,NA,NA,NA,40,51230
General Medical and Surgical Hospitals,Medical and Clinical Laboratory Technologists,NA,NA,NA,NA,80620,64140
General Medical and Surgical Hospitals,Medical and Clinical Laboratory Technicians,NA,NA,NA,NA,59290,42000
General Medical and Surgical Hospitals,Helpers--Electricians,NA,NA,NA,NA,30,45400
General Medical and Surgical Hospitals,Home Appliance Repairers,NA,NA,NA,NA,70,34150
General Medical and Surgical Hospitals,Ophthalmic Laboratory Technicians,NA,NA,NA,NA,60,48880
General Medical and Surgical Hospitals,"First-Line Supervisors of Helpers, Laborers, and Material Movers, Hand",NA,NA,NA,NA,310,53910
General Medical and Surgical Hospitals,First-Line Supervisors of Transportation and Material-Moving Machine and Vehicle Operators,NA,NA,NA,NA,270,55850
